date,value,rating
2021-01-01,0,Extreme Fear
2021-01-02,0,Extreme Fear
2021-01-03,50,Neutral
2021-01-04,50,Neutral
2021-01-05,50,Neutral
2021-01-06,50,Neutral
2021-01-07,50,Neutral
2021-01-08,0,Extreme Fear
2021-01-09,0,Extreme Fear
2021-01-10,50,Neutral
2021-01-11,50,Neutral
2021-01-12,50,Neutral
2021-01-13,50,Neutral
2021-01-14,50,Neutral
2021-01-15,0,Extreme Fear
2021-01-16,0,Extreme Fear
2021-01-17,0,Extreme Fear
2021-01-18,50,Neutral
2021-01-19,50,Neutral
2021-01-20,50,Neutral
2021-01-21,67,Greed
2021-01-22,0,Extreme Fear
2021-01-23,0,Extreme Fear
2021-01-24,67,Greed
2021-01-25,64,Greed
2021-01-26,37,Fear
2021-01-27,55,Greed
2021-01-28,44,Fear
2021-01-29,0,Extreme Fear
2021-01-30,0,Extreme Fear
2021-01-31,47,Neutral
2021-02-01,57,Greed
2021-02-02,56,Greed
2021-02-03,58,Greed
2021-02-04,65,Greed
2021-02-05,0,Extreme Fear
2021-02-06,0,Extreme Fear
2021-02-07,69,Greed
2021-02-08,73,Greed
2021-02-09,74,Greed
2021-02-10,75,Extreme Greed
2021-02-11,78,Extreme Greed
2021-02-12,0,Extreme Fear
2021-02-13,0,Extreme Fear
2021-02-14,0,Extreme Fear
2021-02-15,76,Extreme Greed
2021-02-16,73,Greed
2021-02-17,66,Greed
2021-02-18,62,Greed
2021-02-19,0,Extreme Fear
2021-02-20,0,Extreme Fear
2021-02-21,55,Greed
2021-02-22,53,Neutral
2021-02-23,59,Greed
2021-02-24,55,Greed
2021-02-25,48,Neutral
2021-02-26,0,Extreme Fear
2021-02-27,0,Extreme Fear
2021-02-28,59,Greed
2021-03-01,56,Greed
2021-03-02,45,Neutral
2021-03-03,40,Fear
2021-03-04,43,Fear
2021-03-05,0,Extreme Fear
2021-03-06,0,Extreme Fear
2021-03-07,41,Fear
2021-03-08,43,Fear
2021-03-09,45,Neutral
2021-03-10,50,Neutral
2021-03-11,56,Greed
2021-03-12,0,Extreme Fear
2021-03-13,0,Extreme Fear
2021-03-14,58,Greed
2021-03-15,55,Greed
2021-03-16,56,Greed
2021-03-17,52,Neutral
2021-03-18,49,Neutral
2021-03-19,0,Extreme Fear
2021-03-20,0,Extreme Fear
2021-03-21,50,Neutral
2021-03-22,44,Fear
2021-03-23,36,Fear
2021-03-24,34,Fear
2021-03-25,45,Neutral
2021-03-26,0,Extreme Fear
2021-03-27,0,Extreme Fear
2021-03-28,36,Fear
2021-03-29,37,Fear
2021-03-30,43,Fear
2021-03-31,48,Neutral
2021-04-01,0,Extreme Fear
2021-04-02,0,Extreme Fear
2021-04-03,0,Extreme Fear
2021-04-04,54,Neutral
2021-04-05,54,Neutral
2021-04-06,53,Neutral
2021-04-07,52,Neutral
2021-04-08,51,Neutral
2021-04-09,0,Extreme Fear
2021-04-10,0,Extreme Fear
2021-04-11,44,Fear
2021-04-12,43,Fear
2021-04-13,41,Fear
2021-04-14,43,Fear
2021-04-15,50,Neutral
2021-04-16,0,Extreme Fear
2021-04-17,0,Extreme Fear
2021-04-18,47,Neutral
2021-04-19,36,Fear
2021-04-20,48,Neutral
2021-04-21,47,Neutral
2021-04-22,53,Neutral
2021-04-23,0,Extreme Fear
2021-04-24,0,Extreme Fear
2021-04-25,51,Neutral
2021-04-26,52,Neutral
2021-04-27,54,Neutral
2021-04-28,58,Greed
2021-04-29,49,Neutral
2021-04-30,0,Extreme Fear
2021-05-01,0,Extreme Fear
2021-05-02,46,Neutral
2021-05-03,43,Fear
2021-05-04,43,Fear
2021-05-05,44,Fear
2021-05-06,48,Neutral
2021-05-07,0,Extreme Fear
2021-05-08,0,Extreme Fear
2021-05-09,45,Neutral
2021-05-10,41,Fear
2021-05-11,29,Fear
2021-05-12,34,Fear
2021-05-13,35,Fear
2021-05-14,0,Extreme Fear
2021-05-15,0,Extreme Fear
2021-05-16,35,Fear
2021-05-17,34,Fear
2021-05-18,31,Fear
2021-05-19,33,Fear
2021-05-20,29,Fear
2021-05-21,0,Extreme Fear
2021-05-22,0,Extreme Fear
2021-05-23,29,Fear
2021-05-24,26,Fear
2021-05-25,28,Fear
2021-05-26,29,Fear
2021-05-27,31,Fear
2021-05-28,0,Extreme Fear
2021-05-29,0,Extreme Fear
2021-05-30,0,Extreme Fear
2021-05-31,35,Fear
2021-06-01,42,Fear
2021-06-02,41,Fear
2021-06-03,42,Fear
2021-06-04,0,Extreme Fear
2021-06-05,0,Extreme Fear
2021-06-06,43,Fear
2021-06-07,45,Neutral
2021-06-08,46,Neutral
2021-06-09,49,Neutral
2021-06-10,52,Neutral
2021-06-11,0,Extreme Fear
2021-06-12,0,Extreme Fear
2021-06-13,54,Neutral
2021-06-14,51,Neutral
2021-06-15,44,Fear
2021-06-16,42,Fear
2021-06-17,31,Fear
2021-06-18,0,Extreme Fear
2021-06-19,0,Extreme Fear
2021-06-20,33,Fear
2021-06-21,32,Fear
2021-06-22,33,Fear
2021-06-23,37,Fear
2021-06-24,41,Fear
2021-06-25,0,Extreme Fear
2021-06-26,0,Extreme Fear
2021-06-27,41,Fear
2021-06-28,40,Fear
2021-06-29,37,Fear
2021-06-30,39,Fear
2021-07-01,38,Fear
2021-07-02,0,Extreme Fear
2021-07-03,0,Extreme Fear
2021-07-04,0,Extreme Fear
2021-07-05,33,Fear
2021-07-06,32,Fear
2021-07-07,26,Fear
2021-07-08,31,Fear
2021-07-09,0,Extreme Fear
2021-07-10,0,Extreme Fear
2021-07-11,33,Fear
2021-07-12,30,Fear
2021-07-13,29,Fear
2021-07-14,26,Fear
2021-07-15,22,Extreme Fear
2021-07-16,0,Extreme Fear
2021-07-17,0,Extreme Fear
2021-07-18,13,Extreme Fear
2021-07-19,20,Extreme Fear
2021-07-20,24,Extreme Fear
2021-07-21,25,Fear
2021-07-22,29,Fear
2021-07-23,0,Extreme Fear
2021-07-24,0,Extreme Fear
2021-07-25,30,Fear
2021-07-26,27,Fear
2021-07-27,27,Fear
2021-07-28,30,Fear
2021-07-29,26,Fear
2021-07-30,0,Extreme Fear
2021-07-31,0,Extreme Fear
2021-08-01,24,Extreme Fear
2021-08-02,29,Fear
2021-08-03,27,Fear
2021-08-04,32,Fear
2021-08-05,32,Fear
2021-08-06,0,Extreme Fear
2021-08-07,0,Extreme Fear
2021-08-08,32,Fear
2021-08-09,34,Fear
2021-08-10,35,Fear
2021-08-11,38,Fear
2021-08-12,41,Fear
2021-08-13,0,Extreme Fear
2021-08-14,0,Extreme Fear
2021-08-15,46,Neutral
2021-08-16,36,Fear
2021-08-17,20,Extreme Fear
2021-08-18,19,Extreme Fear
2021-08-19,24,Extreme Fear
2021-08-20,0,Extreme Fear
2021-08-21,0,Extreme Fear
2021-08-22,28,Fear
2021-08-23,33,Fear
2021-08-24,38,Fear
2021-08-25,33,Fear
2021-08-26,44,Fear
2021-08-27,0,Extreme Fear
2021-08-28,0,Extreme Fear
2021-08-29,49,Neutral
2021-08-30,45,Neutral
2021-08-31,47,Neutral
2021-09-01,46,Neutral
2021-09-02,44,Fear
2021-09-03,0,Extreme Fear
2021-09-04,0,Extreme Fear
2021-09-05,0,Extreme Fear
2021-09-06,42,Fear
2021-09-07,38,Fear
2021-09-08,34,Fear
2021-09-09,23,Extreme Fear
2021-09-10,0,Extreme Fear
2021-09-11,0,Extreme Fear
2021-09-12,28,Fear
2021-09-13,24,Extreme Fear
2021-09-14,27,Fear
2021-09-15,31,Fear
2021-09-16,22,Extreme Fear
2021-09-17,0,Extreme Fear
2021-09-18,0,Extreme Fear
2021-09-19,12,Extreme Fear
2021-09-20,13,Extreme Fear
2021-09-21,20,Extreme Fear
2021-09-22,23,Extreme Fear
2021-09-23,24,Extreme Fear
2021-09-24,0,Extreme Fear
2021-09-25,0,Extreme Fear
2021-09-26,25,Fear
2021-09-27,15,Extreme Fear
2021-09-28,15,Extreme Fear
2021-09-29,12,Extreme Fear
2021-09-30,18,Extreme Fear
2021-10-01,0,Extreme Fear
2021-10-02,0,Extreme Fear
2021-10-03,12,Extreme Fear
2021-10-04,18,Extreme Fear
2021-10-05,19,Extreme Fear
2021-10-06,23,Extreme Fear
2021-10-07,25,Fear
2021-10-08,0,Extreme Fear
2021-10-09,0,Extreme Fear
2021-10-10,24,Extreme Fear
2021-10-11,24,Extreme Fear
2021-10-12,24,Extreme Fear
2021-10-13,29,Fear
2021-10-14,41,Fear
2021-10-15,0,Extreme Fear
2021-10-16,0,Extreme Fear
2021-10-17,46,Neutral
2021-10-18,53,Neutral
2021-10-19,57,Greed
2021-10-20,60,Greed
2021-10-21,59,Greed
2021-10-22,0,Extreme Fear
2021-10-23,0,Extreme Fear
2021-10-24,62,Greed
2021-10-25,63,Greed
2021-10-26,58,Greed
2021-10-27,64,Greed
2021-10-28,65,Greed
2021-10-29,0,Extreme Fear
2021-10-30,0,Extreme Fear
2021-10-31,66,Greed
2021-11-01,68,Greed
2021-11-02,72,Greed
2021-11-03,72,Greed
2021-11-04,73,Greed
2021-11-05,0,Extreme Fear
2021-11-06,0,Extreme Fear
2021-11-07,74,Greed
2021-11-08,77,Extreme Greed
2021-11-09,73,Greed
2021-11-10,72,Greed
2021-11-11,74,Greed
2021-11-12,0,Extreme Fear
2021-11-13,0,Extreme Fear
2021-11-14,72,Greed
2021-11-15,72,Greed
2021-11-16,71,Greed
2021-11-17,68,Greed
2021-11-18,63,Greed
2021-11-19,0,Extreme Fear
2021-11-20,0,Extreme Fear
2021-11-21,59,Greed
2021-11-22,59,Greed
2021-11-23,59,Greed
2021-11-24,0,Extreme Fear
2021-11-25,33,Fear
2021-11-26,0,Extreme Fear
2021-11-27,0,Extreme Fear
2021-11-28,38,Fear
2021-11-29,27,Fear
2021-11-30,26,Fear
2021-12-01,25,Fear
2021-12-02,20,Extreme Fear
2021-12-03,0,Extreme Fear
2021-12-04,0,Extreme Fear
2021-12-05,24,Extreme Fear
2021-12-06,36,Fear
2021-12-07,41,Fear
2021-12-08,37,Fear
2021-12-09,42,Fear
2021-12-10,0,Extreme Fear
2021-12-11,0,Extreme Fear
2021-12-12,35,Fear
2021-12-13,32,Fear
2021-12-14,37,Fear
2021-12-15,34,Fear
2021-12-16,32,Fear
2021-12-17,0,Extreme Fear
2021-12-18,0,Extreme Fear
2021-12-19,29,Fear
2021-12-20,34,Fear
2021-12-21,39,Fear
2021-12-22,43,Fear
2021-12-23,0,Extreme Fear
2021-12-24,0,Extreme Fear
2021-12-25,0,Extreme Fear
2021-12-26,59,Greed
2021-12-27,59,Greed
2021-12-28,63,Greed
2021-12-29,64,Greed
2021-12-30,61,Greed
2021-12-31,0,Extreme Fear
2022-01-01,0,Extreme Fear
2022-01-02,65,Greed
2022-01-03,66,Greed
2022-01-04,52,Neutral
2022-01-05,50,Neutral
2022-01-06,51,Neutral
2022-01-07,0,Extreme Fear
2022-01-08,0,Extreme Fear
2022-01-09,47,Neutral
2022-01-10,55,Greed
2022-01-11,59,Greed
2022-01-12,50,Neutral
2022-01-13,52,Neutral
2022-01-14,0,Extreme Fear
2022-01-15,0,Extreme Fear
2022-01-16,0,Extreme Fear
2022-01-17,51,Neutral
2022-01-18,48,Neutral
2022-01-19,40,Fear
2022-01-20,29,Fear
2022-01-21,0,Extreme Fear
2022-01-22,0,Extreme Fear
2022-01-23,25,Fear
2022-01-24,22,Extreme Fear
2022-01-25,21,Extreme Fear
2022-01-26,20,Extreme Fear
2022-01-27,23,Extreme Fear
2022-01-28,0,Extreme Fear
2022-01-29,0,Extreme Fear
2022-01-30,30,Fear
2022-01-31,30,Fear
2022-02-01,27,Fear
2022-02-02,26,Fear
2022-02-03,27,Fear
2022-02-04,0,Extreme Fear
2022-02-05,0,Extreme Fear
2022-02-06,27,Fear
2022-02-07,29,Fear
2022-02-08,32,Fear
2022-02-09,32,Fear
2022-02-10,29,Fear
2022-02-11,0,Extreme Fear
2022-02-12,0,Extreme Fear
2022-02-13,25,Fear
2022-02-14,28,Fear
2022-02-15,30,Fear
2022-02-16,29,Fear
2022-02-17,30,Fear
2022-02-18,0,Extreme Fear
2022-02-19,0,Extreme Fear
2022-02-20,0,Extreme Fear
2022-02-21,28,Fear
2022-02-22,21,Extreme Fear
2022-02-23,22,Extreme Fear
2022-02-24,32,Fear
2022-02-25,0,Extreme Fear
2022-02-26,0,Extreme Fear
2022-02-27,30,Fear
2022-02-28,24,Extreme Fear
2022-03-01,21,Extreme Fear
2022-03-02,22,Extreme Fear
2022-03-03,21,Extreme Fear
2022-03-04,0,Extreme Fear
2022-03-05,0,Extreme Fear
2022-03-06,17,Extreme Fear
2022-03-07,18,Extreme Fear
2022-03-08,21,Extreme Fear
2022-03-09,20,Extreme Fear
2022-03-10,19,Extreme Fear
2022-03-11,0,Extreme Fear
2022-03-12,0,Extreme Fear
2022-03-13,20,Extreme Fear
2022-03-14,23,Extreme Fear
2022-03-15,25,Fear
2022-03-16,29,Fear
2022-03-17,37,Fear
2022-03-18,0,Extreme Fear
2022-03-19,0,Extreme Fear
2022-03-20,40,Fear
2022-03-21,44,Fear
2022-03-22,45,Neutral
2022-03-23,47,Neutral
2022-03-24,49,Neutral
2022-03-25,0,Extreme Fear
2022-03-26,0,Extreme Fear
2022-03-27,51,Neutral
2022-03-28,53,Neutral
2022-03-29,52,Neutral
2022-03-30,58,Greed
2022-03-31,59,Greed
2022-04-01,0,Extreme Fear
2022-04-02,0,Extreme Fear
2022-04-03,61,Greed
2022-04-04,48,Neutral
2022-04-05,46,Neutral
2022-04-06,46,Neutral
2022-04-07,46,Neutral
2022-04-08,0,Extreme Fear
2022-04-09,0,Extreme Fear
2022-04-10,44,Fear
2022-04-11,43,Fear
2022-04-12,43,Fear
2022-04-13,41,Fear
2022-04-14,0,Extreme Fear
2022-04-15,0,Extreme Fear
2022-04-16,0,Extreme Fear
2022-04-17,39,Fear
2022-04-18,42,Fear
2022-04-19,41,Fear
2022-04-20,40,Fear
2022-04-21,32,Fear
2022-04-22,0,Extreme Fear
2022-04-23,0,Extreme Fear
2022-04-24,30,Fear
2022-04-25,20,Extreme Fear
2022-04-26,19,Extreme Fear
2022-04-27,23,Extreme Fear
2022-04-28,18,Extreme Fear
2022-04-29,0,Extreme Fear
2022-04-30,0,Extreme Fear
2022-05-01,17,Extreme Fear
2022-05-02,30,Fear
2022-05-03,22,Extreme Fear
2022-05-04,17,Extreme Fear
2022-05-05,16,Extreme Fear
2022-05-06,0,Extreme Fear
2022-05-07,0,Extreme Fear
2022-05-08,10,Extreme Fear
2022-05-09,10,Extreme Fear
2022-05-10,8,Extreme Fear
2022-05-11,6,Extreme Fear
2022-05-12,11,Extreme Fear
2022-05-13,0,Extreme Fear
2022-05-14,0,Extreme Fear
2022-05-15,14,Extreme Fear
2022-05-16,15,Extreme Fear
2022-05-17,9,Extreme Fear
2022-05-18,12,Extreme Fear
2022-05-19,11,Extreme Fear
2022-05-20,11,Extreme Fear
2022-05-21,0,Extreme Fear
2022-05-22,13,Extreme Fear
2022-05-23,11,Extreme Fear
2022-05-24,13,Extreme Fear
2022-05-25,17,Extreme Fear
2022-05-26,21,Extreme Fear
2022-05-27,21,Extreme Fear
2022-05-28,0,Extreme Fear
2022-05-29,21,Extreme Fear
2022-05-30,26,Fear
2022-05-31,25,Fear
2022-06-01,28,Fear
2022-06-02,27,Fear
2022-06-03,27,Fear
2022-06-05,29,Fear
2022-06-06,31,Fear
2022-06-07,32,Fear
2022-06-08,31,Fear
2022-06-09,28,Fear
2022-06-10,28,Fear
2022-06-12,17,Extreme Fear
2022-06-13,17,Extreme Fear
2022-06-14,20,Extreme Fear
2022-06-15,13,Extreme Fear
2022-06-16,14,Extreme Fear
2022-06-17,14,Extreme Fear
2022-06-19,14,Extreme Fear
2022-06-20,19,Extreme Fear
2022-06-21,21,Extreme Fear
2022-06-22,22,Extreme Fear
2022-06-23,27,Fear
2022-06-24,27,Fear
2022-06-26,28,Fear
2022-06-27,26,Fear
2022-06-28,25,Fear
2022-06-29,22,Extreme Fear
2022-06-30,24,Extreme Fear
2022-07-01,24,Extreme Fear
2022-07-03,24,Extreme Fear
2022-07-04,23,Extreme Fear
2022-07-05,24,Extreme Fear
2022-07-06,24,Extreme Fear
2022-07-07,27,Fear
2022-07-08,31,Fear
2022-07-11,30,Fear
2022-07-12,30,Fear
2022-07-13,27,Fear
2022-07-14,26,Fear
2022-07-15,33,Fear
2022-07-18,35,Fear
2022-07-19,39,Fear
2022-07-20,44,Fear
2022-07-21,48,Neutral
2022-07-22,42,Fear
2022-07-25,42,Fear
2022-07-26,42,Fear
2022-07-27,46,Neutral
2022-07-28,48,Neutral
2022-07-29,52,Neutral
2022-08-01,59,Greed
2022-08-02,57,Greed
2022-08-03,60,Greed
2022-08-04,61,Greed
2022-08-05,63,Greed
2022-08-08,64,Greed
2022-08-09,64,Greed
2022-08-10,65,Greed
2022-08-11,65,Greed
2022-08-12,68,Greed
2022-08-15,66,Greed
2022-08-16,67,Greed
2022-08-17,67,Greed
2022-08-18,66,Greed
2022-08-19,63,Greed
2022-08-22,60,Greed
2022-08-23,57,Greed
2022-08-24,57,Greed
2022-08-25,58,Greed
2022-08-26,55,Greed
2022-08-29,54,Neutral
2022-08-30,49,Neutral
2022-08-31,52,Neutral
2022-09-01,49,Neutral
2022-09-02,42,Fear
2022-09-06,40,Fear
2022-09-07,39,Fear
2022-09-08,40,Fear
2022-09-09,43,Fear
2022-09-12,47,Neutral
2022-09-13,36,Fear
2022-09-14,41,Fear
2022-09-15,40,Fear
2022-09-16,35,Fear
2022-09-19,36,Fear
2022-09-20,36,Fear
2022-09-21,27,Fear
2022-09-22,24,Extreme Fear
2022-09-23,21,Extreme Fear
2022-09-26,17,Extreme Fear
2022-09-27,16,Extreme Fear
2022-09-28,17,Extreme Fear
2022-09-29,13,Extreme Fear
2022-09-30,16,Extreme Fear
2022-10-03,20,Extreme Fear
2022-10-04,27,Fear
2022-10-05,29,Fear
2022-10-06,23,Extreme Fear
2022-10-07,19,Extreme Fear
2022-10-10,19,Extreme Fear
2022-10-11,16,Extreme Fear
2022-10-12,15,Extreme Fear
2022-10-13,19,Extreme Fear
2022-10-14,16,Extreme Fear
2022-10-17,23,Extreme Fear
2022-10-18,28,Fear
2022-10-19,29,Fear
2022-10-20,39,Fear
2022-10-21,43,Fear
2022-10-24,47,Neutral
2022-10-25,51,Neutral
2022-10-26,53,Neutral
2022-10-27,54,Neutral
2022-10-28,57,Greed
2022-10-31,64,Greed
2022-11-01,63,Greed
2022-11-02,55,Greed
2022-11-03,55,Greed
2022-11-04,56,Greed
2022-11-07,59,Greed
2022-11-08,57,Greed
2022-11-09,54,Neutral
2022-11-10,60,Greed
2022-11-11,63,Greed
2022-11-14,62,Greed
2022-11-15,66,Greed
2022-11-16,65,Greed
2022-11-17,61,Greed
2022-11-18,60,Greed
2022-11-21,60,Greed
2022-11-22,60,Greed
2022-11-23,64,Greed
2022-11-25,63,Greed
2022-11-28,59,Greed
2022-11-29,58,Greed
2022-11-30,73,Greed
2022-12-01,75,Extreme Greed
2022-12-02,68,Greed
2022-12-05,65,Greed
2022-12-06,61,Greed
2022-12-07,58,Greed
2022-12-08,55,Greed
2022-12-09,52,Neutral
2022-12-12,57,Greed
2022-12-13,59,Greed
2022-12-14,60,Greed
2022-12-15,60,Greed
2022-12-16,44,Fear
2022-12-19,39,Fear
2022-12-20,38,Fear
2022-12-21,38,Fear
2022-12-22,37,Fear
2022-12-23,39,Fear
2022-12-27,39,Fear
2022-12-28,35,Fear
2022-12-29,37,Fear
2022-12-30,36,Fear
2023-01-03,36,Fear
2023-01-04,39,Fear
2023-01-05,44,Fear
2023-01-06,45,Neutral
2023-01-09,47,Neutral
2023-01-10,49,Neutral
2023-01-11,54,Neutral
2023-01-12,56,Greed
2023-01-13,61,Greed
2023-01-17,64,Greed
2023-01-18,58,Greed
2023-01-19,55,Greed
2023-01-20,58,Greed
2023-01-23,63,Greed
2023-01-24,63,Greed
2023-01-25,63,Greed
2023-01-26,68,Greed
2023-01-27,69,Greed
2023-01-30,67,Greed
2023-01-31,70,Greed
2023-02-01,82,Extreme Greed
2023-02-02,75,Extreme Greed
2023-02-03,76,Extreme Greed
2023-02-06,75,Extreme Greed
2023-02-07,76,Extreme Greed
2023-02-08,74,Greed
2023-02-09,72,Greed
2023-02-10,72,Greed
2023-02-13,71,Greed
2023-02-14,73,Greed
2023-02-15,73,Greed
2023-02-16,70,Greed
2023-02-17,69,Greed
2023-02-21,65,Greed
2023-02-22,64,Greed
2023-02-23,62,Greed
2023-02-24,60,Greed
2023-02-27,61,Greed
2023-02-28,61,Greed
2023-03-01,65,Greed
2023-03-02,52,Neutral
2023-03-03,55,Greed
2023-03-06,55,Greed
2023-03-07,48,Neutral
2023-03-08,49,Neutral
2023-03-09,37,Fear
2023-03-10,26,Fear
2023-03-13,23,Extreme Fear
2023-03-14,25,Fear
2023-03-15,22,Extreme Fear
2023-03-16,32,Fear
2023-03-17,27,Fear
2023-03-20,30,Fear
2023-03-21,43,Fear
2023-03-22,41,Fear
2023-03-23,38,Fear
2023-03-24,37,Fear
2023-03-27,40,Fear
2023-03-28,39,Fear
2023-03-29,41,Fear
2023-03-30,45,Neutral
2023-03-31,49,Neutral
2023-04-03,61,Greed
2023-04-04,50,Neutral
2023-04-05,52,Neutral
2023-04-06,55,Greed
2023-04-10,57,Greed
2023-04-11,58,Greed
2023-04-12,60,Greed
2023-04-13,63,Greed
2023-04-14,65,Greed
2023-04-17,67,Greed
2023-04-18,65,Greed
2023-04-19,67,Greed
2023-04-20,64,Greed
2023-04-21,63,Greed
2023-04-24,63,Greed
2023-04-25,57,Greed
2023-04-26,52,Neutral
2023-04-27,58,Greed
2023-04-28,59,Greed
2023-05-01,59,Greed
2023-05-02,55,Greed
2023-05-03,54,Neutral
2023-05-04,49,Neutral
2023-05-05,53,Neutral
2023-05-08,57,Greed
2023-05-09,59,Greed
2023-05-10,59,Greed
2023-05-11,59,Greed
2023-05-12,57,Greed
2023-05-15,57,Greed
2023-05-16,55,Greed
2023-05-17,60,Greed
2023-05-18,64,Greed
2023-05-19,65,Greed
2023-05-22,67,Greed
2023-05-23,65,Greed
2023-05-24,61,Greed
2023-05-25,62,Greed
2023-05-26,65,Greed
2023-05-30,66,Greed
2023-05-31,64,Greed
2023-06-01,68,Greed
2023-06-02,75,Extreme Greed
2023-06-05,69,Greed
2023-06-06,73,Greed
2023-06-07,74,Greed
2023-06-08,75,Extreme Greed
2023-06-09,76,Extreme Greed
2023-06-12,78,Extreme Greed
2023-06-13,79,Extreme Greed
2023-06-14,79,Extreme Greed
2023-06-15,80,Extreme Greed
2023-06-16,81,Extreme Greed
2023-06-20,80,Extreme Greed
2023-06-21,80,Extreme Greed
2023-06-22,80,Extreme Greed
2023-06-23,75,Extreme Greed
2023-06-26,73,Greed
2023-06-27,75,Extreme Greed
2023-06-28,76,Extreme Greed
2023-06-29,79,Extreme Greed
2023-06-30,79,Extreme Greed
2023-07-03,82,Extreme Greed
2023-07-05,79,Extreme Greed
2023-07-06,77,Extreme Greed
2023-07-07,77,Extreme Greed
2023-07-10,76,Extreme Greed
2023-07-11,78,Extreme Greed
2023-07-12,78,Extreme Greed
2023-07-13,79,Extreme Greed
2023-07-14,79,Extreme Greed
2023-07-17,80,Extreme Greed
2023-07-18,81,Extreme Greed
2023-07-19,82,Extreme Greed
2023-07-20,80,Extreme Greed
2023-07-21,81,Extreme Greed
2023-07-24,82,Extreme Greed
2023-07-25,81,Extreme Greed
2023-07-26,80,Extreme Greed
2023-07-27,77,Extreme Greed
2023-07-28,76,Extreme Greed
2023-07-31,77,Extreme Greed
2023-08-01,77,Extreme Greed
2023-08-02,77,Extreme Greed
2023-08-03,73,Greed
2023-08-04,64,Greed
2023-08-07,72,Greed
2023-08-08,69,Greed
2023-08-09,67,Greed
2023-08-10,66,Greed
2023-08-11,65,Greed
2023-08-14,66,Greed
2023-08-15,54,Neutral
2023-08-16,49,Neutral
2023-08-17,46,Neutral
2023-08-18,43,Fear
2023-08-21,43,Fear
2023-08-22,43,Fear
2023-08-23,50,Neutral
2023-08-24,40,Fear
2023-08-25,47,Neutral
2023-08-28,45,Neutral
2023-08-29,49,Neutral
2023-08-30,50,Neutral
2023-08-31,52,Neutral
2023-09-01,55,Greed
2023-09-05,59,Greed
2023-09-06,56,Greed
2023-09-07,53,Neutral
2023-09-08,51,Neutral
2023-09-11,52,Neutral
2023-09-12,51,Neutral
2023-09-13,51,Neutral
2023-09-14,54,Neutral
2023-09-15,52,Neutral
2023-09-18,49,Neutral
2023-09-19,49,Neutral
2023-09-20,48,Neutral
2023-09-21,37,Fear
2023-09-22,33,Fear
2023-09-25,38,Fear
2023-09-26,24,Extreme Fear
2023-09-27,22,Extreme Fear
2023-09-28,29,Fear
2023-09-29,28,Fear
2023-10-02,28,Fear
2023-10-03,20,Extreme Fear
2023-10-04,20,Extreme Fear
2023-10-05,20,Extreme Fear
2023-10-06,27,Fear
2023-10-09,29,Fear
2023-10-10,32,Fear
2023-10-11,34,Fear
2023-10-12,35,Fear
2023-10-13,26,Fear
2023-10-16,35,Fear
2023-10-17,39,Fear
2023-10-18,30,Fear
2023-10-19,29,Fear
2023-10-20,22,Extreme Fear
2023-10-23,25,Fear
2023-10-24,33,Fear
2023-10-25,25,Fear
2023-10-26,22,Extreme Fear
2023-10-27,21,Extreme Fear
2023-10-30,29,Fear
2023-10-31,30,Fear
2023-11-01,32,Fear
2023-11-02,37,Fear
2023-11-03,36,Fear
2023-11-06,38,Fear
2023-11-07,39,Fear
2023-11-08,39,Fear
2023-11-09,41,Fear
2023-11-10,41,Fear
2023-11-13,39,Fear
2023-11-14,46,Neutral
2023-11-15,52,Neutral
2023-11-16,55,Greed
2023-11-17,58,Greed
2023-11-20,61,Greed
2023-11-21,61,Greed
2023-11-22,65,Greed
2023-11-24,66,Greed
2023-11-27,65,Greed
2023-11-28,65,Greed
2023-11-29,63,Greed
2023-11-30,64,Greed
2023-12-01,64,Greed
2023-12-04,63,Greed
2023-12-05,65,Greed
2023-12-06,63,Greed
2023-12-07,66,Greed
2023-12-08,65,Greed
2023-12-11,67,Greed
2023-12-12,67,Greed
2023-12-13,67,Greed
2023-12-14,70,Greed
2023-12-15,69,Greed
2023-12-18,70,Greed
2023-12-19,82,Extreme Greed
2023-12-20,75,Extreme Greed
2023-12-21,77,Extreme Greed
2023-12-22,79,Extreme Greed
2023-12-26,81,Extreme Greed
2023-12-27,81,Extreme Greed
2023-12-28,81,Extreme Greed
2023-12-29,80,Extreme Greed
2024-01-02,79,Extreme Greed
2024-01-03,76,Extreme Greed
2024-01-04,78,Extreme Greed
2024-01-05,75,Extreme Greed
2024-01-08,76,Extreme Greed
2024-01-09,75,Extreme Greed
2024-01-10,76,Extreme Greed
2024-01-11,74,Greed
2024-01-12,73,Greed
2024-01-16,72,Greed
2024-01-17,57,Greed
2024-01-18,66,Greed
2024-01-19,72,Greed
2024-01-22,72,Greed
2024-01-23,70,Greed
2024-01-24,72,Greed
2024-01-25,73,Greed
2024-01-26,73,Greed
2024-01-29,74,Greed
2024-01-30,74,Greed
2024-01-31,64,Greed
2024-02-01,72,Greed
2024-02-02,74,Greed
2024-02-05,73,Greed
2024-02-06,73,Greed
2024-02-07,73,Greed
2024-02-08,74,Greed
2024-02-09,75,Extreme Greed
2024-02-12,75,Extreme Greed
2024-02-13,66,Greed
2024-02-14,67,Greed
2024-02-15,73,Greed
2024-02-16,73,Greed
2024-02-20,63,Greed
2024-02-21,63,Greed
2024-02-22,73,Greed
2024-02-23,73,Greed
2024-02-26,71,Greed
2024-02-27,75,Extreme Greed
2024-02-28,76,Extreme Greed
2024-02-29,77,Extreme Greed
2024-03-01,76,Extreme Greed
2024-03-04,79,Extreme Greed
2024-03-05,76,Extreme Greed
2024-03-06,72,Greed
2024-03-07,73,Greed
2024-03-08,70,Greed
2024-03-11,62,Greed
2024-03-12,72,Greed
2024-03-13,71,Greed
2024-03-14,70,Greed
2024-03-15,68,Greed
2024-03-18,70,Greed
2024-03-19,70,Greed
2024-03-20,69,Greed
2024-03-21,71,Greed
2024-03-22,69,Greed
2024-03-25,67,Greed
2024-03-26,67,Greed
2024-03-27,69,Greed
2024-03-28,68,Greed
2024-04-01,71,Greed
2024-04-02,71,Greed
2024-04-03,69,Greed
2024-04-04,53,Neutral
2024-04-05,58,Greed
2024-04-08,64,Greed
2024-04-09,59,Greed
2024-04-10,49,Neutral
2024-04-11,56,Greed
2024-04-12,45,Neutral
2024-04-15,38,Fear
2024-04-16,35,Fear
2024-04-17,31,Fear
2024-04-18,30,Fear
2024-04-19,27,Fear
2024-04-22,34,Fear
2024-04-23,36,Fear
2024-04-24,37,Fear
2024-04-25,39,Fear
2024-04-26,40,Fear
2024-04-29,42,Fear
2024-04-30,40,Fear
2024-05-01,40,Fear
2024-05-02,42,Fear
2024-05-03,43,Fear
2024-05-06,39,Fear
2024-05-07,37,Fear
2024-05-08,38,Fear
2024-05-09,42,Fear
2024-05-10,46,Neutral
2024-05-13,48,Neutral
2024-05-14,55,Greed
2024-05-15,59,Greed
2024-05-16,62,Greed
2024-05-17,62,Greed
2024-05-20,60,Greed
2024-05-21,59,Greed
2024-05-22,58,Greed
2024-05-23,52,Neutral
2024-05-24,51,Neutral
2024-05-28,54,Neutral
2024-05-29,49,Neutral
2024-05-30,45,Neutral
2024-05-31,48,Neutral
2024-06-03,45,Neutral
2024-06-04,47,Neutral
2024-06-05,51,Neutral
2024-06-06,45,Neutral
2024-06-07,43,Fear
2024-06-10,44,Fear
2024-06-11,44,Fear
2024-06-12,46,Neutral
2024-06-13,44,Fear
2024-06-14,41,Fear
2024-06-17,43,Fear
2024-06-18,41,Fear
2024-06-20,38,Fear
2024-06-21,39,Fear
2024-06-24,37,Fear
2024-06-25,37,Fear
2024-06-26,40,Fear
2024-06-27,45,Neutral
2024-06-28,44,Fear
2024-07-01,47,Neutral
2024-07-02,49,Neutral
2024-07-03,48,Neutral
2024-07-05,49,Neutral
2024-07-08,51,Neutral
2024-07-09,50,Neutral
2024-07-10,54,Neutral
2024-07-11,49,Neutral
2024-07-12,54,Neutral
2024-07-15,57,Greed
2024-07-16,57,Greed
2024-07-17,46,Neutral
2024-07-18,45,Neutral
2024-07-19,43,Fear
2024-07-22,48,Neutral
2024-07-23,46,Neutral
2024-07-24,38,Fear
2024-07-25,39,Fear
2024-07-26,42,Fear
2024-07-29,42,Fear
2024-07-30,40,Fear
2024-07-31,46,Neutral
2024-08-01,42,Fear
2024-08-02,41,Fear
2024-08-05,33,Fear
2024-08-06,19,Extreme Fear
2024-08-07,16,Extreme Fear
2024-08-08,17,Extreme Fear
2024-08-09,24,Extreme Fear
2024-08-12,23,Extreme Fear
2024-08-13,25,Fear
2024-08-14,26,Fear
2024-08-15,32,Fear
2024-08-16,33,Fear
2024-08-19,39,Fear
2024-08-20,44,Fear
2024-08-21,50,Neutral
2024-08-22,46,Neutral
2024-08-23,51,Neutral
2024-08-26,52,Neutral
2024-08-27,52,Neutral
2024-08-28,51,Neutral
2024-08-29,56,Greed
2024-08-30,60,Greed
2024-09-03,56,Greed
2024-09-04,56,Greed
2024-09-05,50,Neutral
2024-09-06,39,Fear
2024-09-09,41,Fear
2024-09-10,39,Fear
2024-09-11,43,Fear
2024-09-12,42,Fear
2024-09-13,48,Neutral
2024-09-16,50,Neutral
2024-09-17,54,Neutral
2024-09-18,55,Greed
2024-09-19,63,Greed
2024-09-20,61,Greed
2024-09-23,63,Greed
2024-09-24,66,Greed
2024-09-25,65,Greed
2024-09-26,70,Greed
2024-09-27,67,Greed
2024-09-30,73,Greed
2024-10-01,70,Greed
2024-10-02,70,Greed
2024-10-03,69,Greed
2024-10-04,71,Greed
2024-10-07,70,Greed
2024-10-08,71,Greed
2024-10-09,71,Greed
2024-10-10,70,Greed
2024-10-11,71,Greed
2024-10-14,74,Greed
2024-10-15,71,Greed
2024-10-16,69,Greed
2024-10-17,68,Greed
2024-10-18,72,Greed
2024-10-21,69,Greed
2024-10-22,70,Greed
2024-10-23,63,Greed
2024-10-24,62,Greed
2024-10-25,58,Greed
2024-10-28,60,Greed
2024-10-29,60,Greed
2024-10-30,57,Greed
2024-10-31,40,Fear
2024-11-01,50,Neutral
2024-11-04,42,Fear
2024-11-05,43,Fear
2024-11-06,44,Fear
2024-11-07,59,Greed
2024-11-08,59,Greed
2024-11-11,66,Greed
2024-11-12,66,Greed
2024-11-13,66,Greed
2024-11-14,60,Greed
2024-11-15,51,Neutral
2024-11-18,50,Neutral
2024-11-19,49,Neutral
2024-11-20,49,Neutral
2024-11-21,56,Greed
2024-11-22,60,Greed
2024-11-25,62,Greed
2024-11-26,65,Greed
2024-11-27,64,Greed
2024-11-29,65,Greed
2024-12-02,65,Greed
2024-12-03,59,Greed
2024-12-04,57,Greed
2024-12-05,54,Neutral
2024-12-06,52,Neutral
2024-12-09,49,Neutral
2024-12-10,46,Neutral
2024-12-11,49,Neutral
2024-12-12,47,Neutral
2024-12-13,49,Neutral
2024-12-16,56,Greed
2024-12-17,51,Neutral
2024-12-18,33,Fear
2024-12-19,19,Extreme Fear
2024-12-20,27,Fear
2024-12-23,30,Fear
2024-12-24,34,Fear
2024-12-26,34,Fear
2024-12-27,33,Fear
2024-12-30,28,Fear
2024-12-31,26,Fear
2025-01-02,24,Extreme Fear
2025-01-03,28,Fear
2025-01-06,33,Fear
2025-01-07,34,Fear
2025-01-08,31,Fear
2025-01-10,25,Fear
2025-01-13,25,Fear
2025-01-14,25,Fear
2025-01-15,27,Fear
2025-01-16,27,Fear
2025-01-17,36,Fear
2025-01-21,39,Fear
2025-01-22,41,Fear
2025-01-23,43,Fear
2025-01-24,45,Neutral
2025-01-27,37,Fear
2025-01-28,40,Fear
2025-01-29,42,Fear
2025-01-30,45,Neutral
2025-01-31,43,Fear
2025-02-03,37,Fear
2025-02-04,37,Fear
2025-02-05,38,Fear
2025-02-06,39,Fear
2025-02-07,38,Fear
2025-02-10,44,Fear
2025-02-11,45,Neutral
2025-02-12,41,Fear
2025-02-13,46,Neutral
2025-02-14,43,Fear
2025-02-18,46,Neutral
2025-02-19,47,Neutral
2025-02-20,44,Fear
2025-02-21,36,Fear
2025-02-24,29,Fear
2025-02-25,24,Extreme Fear
2025-02-26,21,Extreme Fear
2025-02-27,12,Extreme Fear
2025-02-28,20,Extreme Fear
2025-03-03,12,Extreme Fear
2025-03-04,11,Extreme Fear
2025-03-05,11,Extreme Fear
2025-03-06,17,Extreme Fear
2025-03-07,17,Extreme Fear
2025-03-10,17,Extreme Fear
2025-03-11,15,Extreme Fear
2025-03-12,15,Extreme Fear
2025-03-13,15,Extreme Fear
2025-03-14,22,Extreme Fear
2025-03-17,22,Extreme Fear
2025-03-18,22,Extreme Fear
2025-03-19,21,Extreme Fear
2025-03-20,21,Extreme Fear
2025-03-21,22,Extreme Fear
2025-03-24,25,Fear
2025-03-25,29,Fear
2025-03-26,28,Fear
2025-03-27,28,Fear
2025-03-28,26,Fear
2025-03-31,21,Extreme Fear
2025-04-01,19,Extreme Fear
2025-04-02,22,Extreme Fear
2025-04-03,12,Extreme Fear
2025-04-04,5,Extreme Fear
2025-04-07,4,Extreme Fear
2025-04-08,2,Extreme Fear
2025-04-09,9,Extreme Fear
2025-04-10,5,Extreme Fear
2025-04-11,8,Extreme Fear
2025-04-14,12,Extreme Fear
2025-04-15,13,Extreme Fear
2025-04-16,11,Extreme Fear
2025-04-17,16,Extreme Fear
2025-04-21,12,Extreme Fear
2025-04-22,13,Extreme Fear
2025-04-23,21,Extreme Fear
2025-04-24,24,Extreme Fear
2025-04-25,34,Fear
2025-04-28,32,Fear
2025-04-29,32,Fear
2025-04-30,32,Fear
2025-05-01,41,Fear
2025-05-02,38,Fear
2025-05-05,53,Neutral
2025-05-06,54,Neutral
2025-05-07,54,Neutral
2025-05-08,57,Greed
2025-05-09,60,Greed
2025-05-12,64,Greed
2025-05-13,68,Greed
2025-05-14,70,Greed
2025-05-15,69,Greed
2025-05-16,70,Greed
2025-05-19,69,Greed
2025-05-20,69,Greed
2025-05-21,66,Greed
2025-05-22,66,Greed
2025-05-23,64,Greed
2025-05-27,65,Greed
2025-05-28,64,Greed
2025-05-29,64,Greed
2025-05-30,61,Greed
2025-06-02,62,Greed
2025-06-03,54,Neutral
2025-06-04,54,Neutral
2025-06-05,57,Greed
2025-06-06,61,Greed
2025-06-09,63,Greed
2025-06-10,64,Greed
2025-06-11,64,Greed
2025-06-12,64,Greed
2025-06-13,59,Greed
2025-06-16,61,Greed
2025-06-17,57,Greed
2025-06-18,54,Neutral
2025-06-20,54,Neutral
2025-06-23,56,Greed
2025-06-24,57,Greed
2025-06-25,59,Greed
2025-06-26,63,Greed
2025-06-27,64,Greed
2025-06-30,69,Greed
2025-07-01,67,Greed
2025-07-02,63,Greed
2025-07-03,77,Extreme Greed
2025-07-07,75,Extreme Greed
2025-07-08,74,Greed
2025-07-09,75,Extreme Greed
2025-07-10,76,Extreme Greed
2025-07-11,75,Extreme Greed
2025-07-14,76,Extreme Greed
2025-07-15,73,Greed
2025-07-16,72,Greed
2025-07-17,74,Greed
2025-07-18,73,Greed
2025-07-21,73,Greed
2025-07-22,73,Greed
2025-07-23,76,Extreme Greed
2025-07-24,75,Extreme Greed
2025-07-25,74,Greed
2025-07-28,73,Greed
2025-07-29,70,Greed
2025-07-30,68,Greed
2025-07-31,63,Greed
2025-08-01,49,Neutral
2025-08-04,56,Greed
2025-08-05,55,Greed
2025-08-06,55,Greed
2025-08-07,54,Neutral
2025-08-08,58,Greed
2025-08-11,57,Greed
2025-08-12,62,Greed
2025-08-13,63,Greed
2025-08-14,63,Greed
2025-08-15,63,Greed
2025-08-18,64,Greed
2025-08-19,59,Greed
2025-08-20,55,Greed
2025-08-21,52,Neutral
2025-08-22,55,Greed
2025-08-25,53,Neutral
2025-08-26,55,Greed
2025-08-27,59,Greed
2025-08-28,64,Greed
2025-08-29,61,Greed
2025-09-02,62,Greed
2025-09-03,61,Greed
2025-09-04,61,Greed
2025-09-05,58,Greed
2025-09-08,58,Greed
2025-09-09,57,Greed
2025-09-10,57,Greed
2025-09-11,60,Greed
2025-09-12,61,Greed
2025-09-15,64,Greed
2025-09-16,64,Greed
2025-09-17,63,Greed
2025-09-18,66,Greed
2025-09-19,66,Greed
2025-09-22,66,Greed
2025-09-23,56,Greed
2025-09-24,54,Neutral
2025-09-25,50,Neutral
2025-09-26,51,Neutral
2025-09-29,50,Neutral
2025-09-30,51,Neutral
2025-10-01,52,Neutral
2025-10-02,54,Neutral
2025-10-03,52,Neutral
2025-10-06,53,Neutral
2025-10-07,51,Neutral
2025-10-08,52,Neutral
2025-10-09,48,Neutral
2025-10-10,30,Fear
2025-10-13,29,Fear
2025-10-14,28,Fear
2025-10-15,27,Fear
2025-10-16,23,Extreme Fear
2025-10-17,22,Extreme Fear
2025-10-20,29,Fear
2025-10-21,28,Fear
2025-10-22,26,Fear
2025-10-23,27,Fear
2025-10-24,32,Fear
2025-10-27,37,Fear
2025-10-28,39,Fear
2025-10-29,42,Fear
2025-10-30,37,Fear
2025-10-31,34,Fear
2025-11-03,32,Fear
2025-11-04,20,Extreme Fear
2025-11-05,23,Extreme Fear
2025-11-06,24,Extreme Fear
2025-11-07,20,Extreme Fear
2025-11-10,29,Fear
2025-11-11,30,Fear
2025-11-12,34,Fear
2025-11-13,24,Extreme Fear
2025-11-14,22,Extreme Fear
2025-11-17,11,Extreme Fear
2025-11-18,8,Extreme Fear
2025-11-19,7,Extreme Fear
2025-11-20,5,Extreme Fear
2025-11-21,5,Extreme Fear
2025-11-24,13,Extreme Fear
2025-11-25,15,Extreme Fear
2025-11-26,17,Extreme Fear
2025-11-28,21,Extreme Fear
2025-12-01,22,Extreme Fear
2025-12-02,23,Extreme Fear
2025-12-03,24,Extreme Fear
2025-12-04,36,Fear
2025-12-05,38,Fear
2025-12-08,31,Fear
2025-12-09,32,Fear
2025-12-10,40,Fear
2025-12-11,48,Neutral
2025-12-12,42,Fear
2025-12-15,52,Neutral
2025-12-16,45,Neutral
2025-12-17,46,Neutral
2025-12-18,43,Fear
2025-12-19,49,Neutral
2025-12-22,57,Greed
2025-12-23,57,Greed
2025-12-24,54,Neutral
2025-12-25,57,Greed
2025-12-26,52,Neutral
2025-12-29,49,Neutral
2025-12-30,48,Neutral
2025-12-31,44,Fear
2026-01-01,44,Fear
2026-01-02,44,Fear
2026-01-05,47,Neutral
2026-01-06,51,Neutral
2026-01-07,43,Fear
2026-01-08,47,Neutral
2026-01-09,53,Neutral
2026-01-12,58,Greed
2026-01-13,59,Greed
2026-01-14,60,Greed
2026-01-15,62,Greed
2026-01-16,55,Greed
2026-01-20,46,Neutral
2026-01-21,52,Neutral
2026-01-22,52,Neutral
2026-01-23,53,Neutral
2026-01-26,58,Greed
2026-01-27,65,Greed
2026-01-28,64,Greed
2026-01-29,60,Greed
2026-01-30,56,Greed
2026-02-02,49,Neutral
2026-02-03,44,Fear
2026-02-04,39,Fear
2026-02-05,34,Fear
2026-02-06,43,Fear
2026-02-09,48,Neutral
2026-02-10,50,Neutral
2026-02-11,48,Neutral
2026-02-12,35,Fear
2026-02-13,36,Fear
2026-02-17,37,Fear
2026-02-18,38,Fear
2026-02-19,37,Fear
2026-02-20,42,Fear
2026-02-21,42,Fear
